{"d": [2.23606797749979, 2.200003710193419, 2.164092794380953, 2.128342992442773, 2.092762561121279, 2.057360287830859, 2.022145529782166, 1.987128256115962, 1.9523190932459968, 1.917729373611726, 1.8833711880390218, 1.8492574418992487, 1.8154019152424434, 1.7818193270570544, 1.7485254037743112, 1.71553695208705, 1.6828719360872575, 1.6505495586397783, 1.618590346796805, 1.5870162409136142, 1.55585068694438, 1.5251187311711052, 1.4948471163415233, 1.4650643778558388, 1.4358009382402586, 1.5111415769571193, 1.620976443064508, 1.6832099039932789, 1.729370758110947, 1.7665277989643502, 1.7976820333148813, 1.824439762853075, 1.8477785870943018, 1.8683447179254316, 1.8865906614192014, 1.902846972483503, 1.9173629834793642, 1.9303314694691551, 1.9419043645676055, 1.9522031935190383, 1.961326229743654, 1.9693535427894677, 1.9763506373208044, 1.9823711232147825, 1.9874587004733302, 1.991648646742509, 1.9949689342560513, 1.997441063051079, 1.9990806702839943, 1.999897956579396, 1.999897956579396, 1.9990806702839943, 1.9974410630510788, 1.9949689342560515, 1.9916486467425087, 1.9874587004733302, 1.9823711232147827, 1.9763506373208044, 1.9693535427894675, 1.961326229743654, 1.9522031935190383, 1.9419043645676057, 1.9303314694691551, 1.917362983479364, 1.902846972483503, 1.8865906614192012, 1.868344717925431, 1.8477785870943015, 1.8244397628530749, 1.797682033314881, 1.7665277989643497, 1.7293707581109463, 1.6832099039932784, 1.620976443064507, 1.5111415769571181, 1.4358009382402588, 1.465064377855839, 1.4948471163415233, 1.5251187311711056, 1.5558506869443802, 1.5870162409136146, 1.6185903467968052, 1.6505495586397785, 1.6828719360872577, 1.71553695208705, 1.7485254037743114, 1.7818193270570544, 1.8154019152424439, 1.849257441899249, 1.8833711880390223, 1.9177293736117262, 1.952319093245997, 1.9871282561159622, 2.022145529782166, 2.0573602878308592, 2.0927625611212792, 2.128342992442773, 2.1640927943809536, 2.2000037101934193, 2.23606797749979], "a": [153.43494882292202, 152.9643575200268, 152.47811453372597, 151.97549946792975, 151.4557526845828, 150.9180731659825, 150.36161631184865, 149.78549168336812, 149.18876071064975, 148.5704343851615, 147.92947096494368, 147.2647737278924, 146.57518881739622, 145.859503235322, 145.11644305003819, 144.34467190209972, 143.5427899076757, 142.70933308003396, 141.84277341263095, 140.94151979375278, 140.00391995224035, 139.02826366648515, 138.01278750418336, 136.95568139752288, 135.85509739626673, 130.9247309718679, 125.85634056057293, 122.69001133567143, 120.1532009486429, 117.96137245758607, 115.99386022782421, 114.18605182881443, 112.49853852209947, 110.9051574478893, 109.38746049298204, 107.93183417435861, 106.527865575427, 105.16735252906108, 103.84367212481965, 102.55136037797422, 101.28582231318867, 100.04312576820678, 98.81985069711803, 97.61297625984724, 96.41979420345207, 95.23784084819495, 94.064842389304, 92.89866977042114, 91.73730039653611, 90.57878462124651, 89.4212153787535, 88.26269960346387, 87.10133022957885, 85.935157610696, 84.76215915180504, 83.58020579654793, 82.38702374015276, 81.18014930288197, 79.95687423179322, 78.71417768681133, 77.44863962202578, 76.15632787518035, 74.83264747093894, 73.47213442457299, 72.06816582564139, 70.61253950701794, 69.09484255211069, 67.50146147790053, 65.81394817118556, 64.00613977217579, 62.03862754241392, 59.846799051357074, 57.30998866432856, 54.14365943942703, 49.07526902813206, 44.14490260373327, 43.044318602477105, 41.987212495816664, 40.97173633351486, 39.996080047759655, 39.05848020624723, 38.15722658736905, 37.29066691996607, 36.45721009232428, 35.655328097900316, 34.883556949961815, 34.140496764678005, 33.4248111826038, 32.735226272107596, 32.07052903505633, 31.42956561483851, 30.81123928935025, 30.214508316631868, 29.638383688151336, 29.081926834017505, 28.54424731541718, 28.024500532070256, 27.52188546627402, 27.03564247997319, 26.56505117707799]}