{
  "alcohol_plain_open": [
    645.7407142857144, 119.745, 221.42142857142852, 42.835714285714296,
    110.8292857142857, 192.47214285714287, 48.53642857142857, 51.1,
    67.37785714285714, 64.02, 47.21, 9.985000000000001, 8.178571428571429,
    8.339285714285715, 22.339999999999996, 58.815, 8.992857142857144, 6.88
  ],
  "null": [
    863.6809589041096, 74.71273972602745, 208.4814383561645, 31.17095890410962,
    75.4903424657534, 151.71239726027397, 38.60972602739726, 36.35013698630134,
    135.23267123287664, 38.047876712328815, 96.04369863013679,
    12.52178082191783, 20.12095890410957, 19.83938356164382, 74.19383561643839,
    248.84924657534236, 22.268698630136907, 7.052054794520543
  ],
  "sprite_plain_closed": [
    1187.6063265306123, 161.33183673469387, 945.0653061224496,
    36.224285714285706, 479.77102040816334, 281.95775510204084,
    37.307959183673475, 35.526734693877565, 104.40469387755103,
    46.12653061224489, 55.38244897959187, 6.36734693877551, 19.78857142857143,
    13.076938775510198, 37.64204081632655, 50.17795918367346,
    10.361836734693883, 6.738163265306119
  ],
  "sprite_plain_open": [
    1577.9139393939392, 220.1612121212121, 1227.109393939394, 32.80484848484848,
    231.8275757575758, 300.27575757575755, 35.58, 37.97060606060605,
    53.06484848484848, 41.75636363636365, 42.51484848484847, 6.057575757575758,
    14.593939393939392, 10.88575757575757, 41.07242424242426,
    148.28272727272727, 10.668484848484844, 6.099999999999996
  ],
  "water_bic_closed": [
    412.90078947368403, 133.44526315789474, 369.03026315789486,
    59.278947368421086, 200.88763157894746, 137.91921052631577,
    48.02973684210527, 40.62105263157895, 156.96473684210528,
    46.079999999999984, 86.5152631578947, 10.448157894736845,
    13.996052631578948, 12.46289473684211, 44.68000000000003, 94.44263157894737,
    8.080000000000004, 5.994210526315786
  ],
  "water_bic_open": [
    421.2966666666667, 139.23000000000005, 396.0416666666668, 56.30625000000001,
    173.28499999999997, 117.12374999999999, 56.03166666666667,
    49.52249999999999, 199.17166666666662, 50.440000000000026,
    99.85749999999997, 12.919583333333335, 13.925000000000002, 13.14625,
    53.95000000000001, 117.76083333333332, 10.099999999999996, 6.838749999999998
  ],
  "water_plain_closed": [
    2329.9616666666675, 218.0383333333333, 1079.8183333333334, 38.23,
    168.62916666666675, 371.1400000000001, 25.78458333333334, 30.71041666666666,
    42.527083333333344, 46.82541666666666, 48.24000000000001, 5.820416666666667,
    12.780000000000001, 9.486250000000005, 48.631249999999994,
    132.64083333333335, 10.044166666666666, 6.920833333333332
  ],
  "water_plain_open": [
    1210.5499999999997, 126.374, 1204.248, 38.831999999999994, 338.116, 379.882,
    48.272999999999996, 46.339, 59.964999999999996, 55.971000000000004,
    63.94599999999999, 10.142999999999997, 18.983999999999998, 10.428, 42.52,
    162.728, 12.934000000000001, 7.468000000000001
  ],
  "water_salt+_closed": [
    785.3076923076922, 134.71230769230775, 543.6426923076922, 58.84961538461539,
    142.53307692307686, 443.95038461538456, 79.86999999999998,
    74.46038461538464, 119.82576923076923, 67.08076923076928,
    126.24000000000001, 13.307307692307695, 12.160000000000004,
    11.941153846153847, 55.87076923076923, 129.28307692307692,
    10.770000000000001, 7.784615384615389
  ],
  "water_salt+_open": [
    964.3840740740744, 146.20222222222233, 569.1262962962962, 58.10148148148149,
    142.42851851851844, 422.4755555555555, 79.97074074074074, 76.65777777777777,
    122.21407407407406, 67.99074074074078, 132.09777777777785,
    13.732592592592585, 12.783703703703706, 13.24962962962963,
    62.20037037037038, 132.95740740740743, 10.770000000000001, 7.860000000000006
  ],
  "water_salt_closed": [
    1336.3331249999999, 109.33312499999998, 366.16312500000004, 40.648125,
    100.23312500000003, 355.68312499999996, 83.71437499999999,
    65.75125000000003, 112.86000000000001, 49.26000000000002, 92.17875000000001,
    12.315625000000002, 15.198125000000001, 10.346250000000003,
    57.49000000000002, 97.11125000000001, 8.835, 7.002499999999999
  ],
  "water_salt_open": [
    1072.4237931034481, 125.27758620689652, 605.414827586207, 42.1296551724138,
    104.35551724137927, 421.1096551724138, 68.34655172413794, 62.25344827586206,
    79.4544827586207, 52.76724137931031, 110.84999999999995, 10.36,
    12.065517241379313, 10.67413793103448, 51.83241379310344,
    119.15689655172412, 9.430000000000005, 6.879999999999997
  ],
  "water_sugar_closed": [
    493.9731250000001, 70.226875, 1165.451875, 28.135000000000005,
    375.6412500000001, 412.71875000000006, 26.231875000000006,
    24.794375000000006, 57.533125, 31.070625000000007, 51.255625000000016,
    6.187500000000001, 17.061249999999998, 7.553125000000001,
    28.419375000000013, 56.271249999999995, 12.120625000000002,
    5.890000000000001
  ],
  "water_sugar_open": [
    606.4068181818183, 59.078181818181854, 824.3781818181818,
    29.796363636363647, 195.66227272727275, 424.44727272727283,
    29.64545454545455, 27.19818181818182, 60.25500000000002, 32.98000000000001,
    54.49272727272727, 7.279545454545455, 16.794090909090905, 8.732727272727274,
    32.74636363636363, 61.33636363636363, 10.221818181818177, 6.159999999999999
  ]
}
